latency,packet_loss,jitter,dns_error,route_change,label
144.83570765056163,0.016748258225906976,16.907909229501364,0,0,normal
113.08678494144077,0.010456784033440025,12.47843594409417,1,1,dns_failure
152.38442690503462,0.06364302495436368,23.191745104191803,0,1,routing_issue
196.15149282040127,0.07064757264869012,33.40450446023144,1,0,dns_failure
108.2923312638332,0.003158614482564204,1.2482753035425542,0,1,routing_issue
108.29315215254097,0.09362122462436899,21.15026079147417,0,0,packet_drop
198.96064077536957,0.005197128365147241,18.398672044333598,1,0,dns_failure
158.37173645764543,0.05412963353010705,26.713400764504655,1,0,dns_failure
96.5262807032524,0.07090605194509164,22.13196628237689,0,0,packet_drop
147.12800217929822,0.08709691237460856,12.48030668261181,1,0,dns_failure
96.82911535937689,0.07140869321324278,16.809460643333818,1,0,dns_failure
96.71351232148716,0.08017280830697919,12.03974143196511,1,0,dns_failure
132.0981135783017,0.03394501925428061,30.760071385985984,0,0,normal
24.335987767110105,0.08148251137465123,20.21311648671942,1,1,dns_failure
33.75410837434836,0.008011484638467514,39.01190685753007,1,1,dns_failure
91.88562353795136,0.08948166560605277,19.393391861853793,1,0,dns_failure
69.3584439832788,0.05475923761537363,12.915932330895373,0,1,routing_issue
135.7123666297637,0.08172977699624938,4.862856073871729,1,1,dns_failure
74.59879622393944,0.04523182845183002,1.9686032374405493,0,1,routing_issue
49.38481493323542,0.0643577695196525,4.158640569945103,1,1,dns_failure
193.2824384460777,0.052640266093611325,22.671266510114833,0,1,routing_issue
108.71118497567322,0.07315895217553318,25.08725023229934,1,1,dns_failure
123.37641023439619,0.008162998203058958,4.188092979678666,1,0,dns_failure
48.76259068932716,0.00603520839905638,28.950383140761154,0,1,routing_issue
92.78086377374086,0.024710323401014644,15.169389483165606,0,1,routing_issue
125.54612948549331,0.015954468011318834,21.467930119855495,0,1,routing_issue
62.45032112888486,0.08717835665922018,36.122206282554245,1,1,dns_failure
138.7849009172836,0.021921398735804433,28.968393158655317,1,0,dns_failure
89.96806550405975,0.09758652558191314,17.314693520941677,1,0,dns_failure
105.41531251033616,0.033689579177110685,11.088077745847126,1,0,dns_failure
89.91466938853016,0.01821179156886993,-1.5181540132930493,0,0,normal
212.6139092254469,0.07896985071424792,12.8084668075758,1,1,dns_failure
119.32513876310331,0.06587077755008762,17.888697611723057,1,0,dns_failure
67.114453552205,0.0498195716453139,10.128204728488162,1,0,dns_failure
161.12724560515946,0.055536355093763125,18.687430329076953,1,0,dns_failure
58.957817501448886,0.07192017782722639,20.76851882958768,1,0,dns_failure
130.44317975023776,0.022845474133129873,17.751440181919214,1,1,dns_failure
22.016493806011223,0.09963339160567419,13.499974191765403,1,0,dns_failure
53.59069755507848,0.09747931621467831,21.686546719667277,0,1,routing_issue
129.84306179345617,0.06503256863469369,24.41940649569409,1,0,dns_failure
156.92332899977052,0.019954245092914515,9.096009225571539,1,1,dns_failure
128.56841405949854,0.06802282424312914,34.1093237974627,1,1,dns_failure
114.21758588058798,0.007219840897917585,19.014118677157384,1,0,dns_failure
104.94481522053556,0.0030652502205806066,20.188496229448475,0,0,normal
46.073900481628634,0.025768288851121368,27.082144232565575,0,0,normal
84.00778958026457,0.046262295673931635,22.33216131263502,0,0,normal
96.96806145201063,0.08682725054083806,29.53136633913245,0,1,routing_issue
172.85611131094578,0.0727169069766308,22.87124165201824,0,1,routing_issue
137.18091447842306,0.0742706521199981,13.875626253595621,0,0,packet_drop
31.8479922318633,0.04254933344480754,23.615035252061016,1,0,dns_failure
136.20419846973974,0.03459349925469629,8.562737926793382,0,1,routing_issue
100.74588597918418,0.03710387629846027,21.08559705776523,0,0,normal
86.15389998470206,0.09876495637360579,19.667700093555393,1,1,dns_failure
150.5838144420434,0.004010919141248248,17.918831427274604,0,0,normal
171.54997612479755,0.08670314961224486,18.714624885610693,1,1,dns_failure
166.56400595580993,0.057867540857239344,1.181509545023609,1,1,dns_failure
78.03912383886808,0.04386154191895905,14.512750922590385,0,1,routing_issue
104.53938120743928,0.07252576604151366,20.928449011411146,1,1,dns_failure
136.56317157017818,0.04866689414247029,21.598563919974005,0,1,routing_issue
168.77725635611796,0.08734232380816606,9.723248590740418,0,0,packet_drop
96.0412881077355,0.09007018640112585,32.657078408647,1,1,dns_failure
110.71705116680914,0.04217209268734554,11.338251517854994,1,0,dns_failure
64.68325129969858,0.02768277972350516,29.694572005267368,0,1,routing_issue
60.18966879596646,0.05923503285933623,24.271943618716847,1,1,dns_failure
160.6262911197099,0.0912363345616691,13.537726901561971,1,0,dns_failure
187.81200142854115,0.02106621890056666,37.753108926095116,0,0,normal
116.3994939209833,0.06229665835634828,8.063631682435199,0,0,normal
170.1766448946012,0.06315602200925206,29.191541736100014,1,0,dns_failure
138.0818012523817,0.0733113022415281,30.005823180429783,0,1,routing_issue
87.74401226974379,0.01315676851272598,13.29379790923355,0,0,normal
138.0697802754207,0.07158249646820886,33.92465300064329,0,1,routing_issue
196.90182832329845,0.0909032520665641,17.499534854010474,0,0,packet_drop
118.20869804450243,0.0179683108870242,22.88693629279857,0,0,normal
198.2321827907003,0.023754332492387766,22.603218387712207,0,1,routing_issue
-10.98725520448722,0.09713950940416397,18.65691258529452,0,1,routing_issue
161.09512521876118,0.01809769527094898,28.108082731597822,1,0,dns_failure
124.35235341190857,0.08543850933695792,27.93488720552213,0,1,routing_issue
105.0496324767066,0.049227785644803485,2.5146802676181923,1,1,dns_failure
124.58803882677512,0.024723107440317707,33.043402428781526,1,1,dns_failure
20.62155426995536,0.08707499012725115,3.3750801196432567,1,1,dns_failure
109.0164056081244,0.04453052550026655,30.32546204341657,0,1,routing_issue
137.85562857558733,0.05148173539296902,31.267051368275833,0,1,routing_issue
193.8947022370758,0.03592333693997657,9.090335697848017,1,1,dns_failure
94.08648908631763,0.05929508514349274,15.891857120454151,0,1,routing_issue
79.57531985534062,0.016352387258502278,8.942953315140642,1,0,dns_failure
94.91214782077317,0.039108153665176074,17.850789697112646,0,1,routing_issue
165.7701058851037,0.09694123223352875,16.919657158142588,0,0,packet_drop
136.43755548298424,0.025813343270112754,27.7966053226934,1,1,dns_failure
93.51198981164806,0.06567366645412923,33.10308746119609,1,1,dns_failure
145.66337165566782,0.032519006422469486,33.956838107899564,1,1,dns_failure
124.85387746740201,0.07734731256866006,14.378319734216978,0,1,routing_issue
168.43224952664445,0.013087366071834984,17.90778126255472,1,0,dns_failure
84.89734530613238,0.09698210450785448,3.1656180777904996,0,0,packet_drop
103.6168926701116,0.04537895413836393,11.941299335038114,0,1,routing_issue
100.39459234339212,0.0236050463346464,29.648516330974577,0,0,normal
46.82425259339407,0.007349674733001266,36.15582823548232,1,1,dns_failure
134.8060138532288,0.016975790508754075,7.65651128120078,1,1,dns_failure
133.05276360899447,0.051977394855601766,14.075357408471058,1,0,dns_failure
120.25567283212304,0.033700317643128634,19.73594243041073,0,0,normal
108.27064333124262,0.08288833658826095,22.801611588196064,0,1,routing_issue
49.23146289747929,0.043088752366180594,11.90396480078354,1,1,dns_failure
98.96773386173204,0.02487142725876299,24.240610444640897,0,0,normal
102.86427417366153,0.06171449866040301,15.26160652929084,0,1,routing_issue
79.88613653891906,0.07067772168854458,19.85547729121721,1,0,dns_failure
111.93571441669954,0.016704190790094987,25.462842480036997,1,1,dns_failure
140.20254284072692,0.016761921628831767,20.06422269810938,1,1,dns_failure
214.30929506052652,0.0036671426933542976,15.636141094734313,0,0,congestion
128.72889064159196,0.07364020150656406,18.903901960741692,0,0,packet_drop
132.8775195361382,0.0663804527621805,19.116370407946647,0,0,normal
116.27770421169164,0.04746308757498139,16.29988970117872,0,1,routing_issue
24.061439235047924,0.08441704489691972,17.412039373328977,0,1,routing_issue
118.67430622753916,0.08056701529500532,35.98647170504717,1,1,dns_failure
123.01151049705132,0.058535436439675216,25.609194479412388,0,1,routing_issue
243.1621056242643,0.08682712805132586,17.045196819708398,0,0,packet_drop
110.38195176094388,0.020584121003676827,26.969544045107355,0,1,routing_issue
135.07736711668062,0.011191961939772788,16.6618051024399,1,1,dns_failure
118.26441151473783,0.026974961151698965,31.731246375866412,1,1,dns_failure
61.5660981190234,0.005708685608931486,23.69642192198094,1,0,dns_failure
177.14114072575103,0.0531169528001032,18.92697855995771,0,1,routing_issue
157.5966516343387,0.09366056922949616,24.477169258102773,1,1,dns_failure
159.55159735215236,0.003934354066850965,4.291238479315007,1,0,dns_failure
74.53062726026306,0.01221099140100268,8.732325310901947,1,1,dns_failure
190.13971554680495,0.04521990282834353,8.060749936009445,0,1,routing_issue
49.90744686038595,0.0933875017527905,21.42943094763707,1,0,dns_failure
149.34285469001352,0.03161561049767505,37.32514999485092,0,1,routing_issue
229.52278129049893,0.050723480868839245,42.31300146192632,0,1,routing_issue
70.47318374346558,0.0041572859050392095,26.38051101440757,1,1,dns_failure
91.6851135198614,0.014834320096208886,25.00844474944457,0,0,normal
124.98256825438206,0.0986630122958847,1.9894226584726105,1,1,dns_failure
94.82621729419004,0.09651186964360456,14.573262002659783,0,1,routing_issue
42.46682844669336,0.0004939980934409616,12.122162480917611,1,0,dns_failure
123.42814874030137,0.0951811785423239,13.79152401748884,1,0,dns_failure
66.88481431369476,0.06391199378155003,18.318561814152105,1,1,dns_failure
143.67962153175907,0.08679182945200221,15.279094223028729,0,1,routing_issue
74.02878828830983,0.045473985563385916,0.20700189624212273,1,1,dns_failure
197.496720250877,0.051559602857925026,27.47910256117534,0,1,routing_issue
80.83733538318815,0.04888465802569202,9.272569742601934,1,0,dns_failure
103.89692418971622,0.06668642575461044,22.392468641111495,0,1,routing_issue
160.67586086848348,0.013965125475631291,40.740826697499735,0,0,normal
58.456784178302236,0.0029973589872677956,10.806154084135766,1,0,dns_failure
131.37299673020647,0.030792994159119094,-5.302875227463297,1,1,dns_failure
185.3571377141214,0.07046807627366468,17.13995778119889,1,1,dns_failure
39.62583827193862,0.02018534521229484,31.00959634998571,1,0,dns_failure
129.2316929266152,0.06734324333249174,39.58347454220594,1,0,dns_failure
132.99413971242117,0.09699120461072705,7.704504055475832,0,1,routing_issue
159.0911435888655,0.009390071578941839,24.966992232365218,1,0,dns_failure
58.1524644560959,0.06726021182251263,15.346895432199467,1,1,dns_failure
53.97716934578619,0.044375021930457115,18.940516456958644,0,1,routing_issue
146.09707828084487,0.08681422543775054,46.44343347017035,1,0,dns_failure
134.8492336616593,0.017714978944738592,4.970296716048468,1,0,dns_failure
132.52464251729384,0.06926259522261645,22.537396614945735,0,1,routing_issue
137.3224104748488,0.08381152896481103,24.67693171765433,1,0,dns_failure
85.99876392107547,0.09446142194740233,30.85786324939347,1,1,dns_failure
131.6126848580502,0.06832480282896458,20.979831534708953,1,1,dns_failure
134.65362366493406,0.04971747640084273,23.080505395041023,0,1,routing_issue
84.2824290986816,0.06178472402012139,16.08351432578209,1,0,dns_failure
213.28872555723783,0.08689049844787183,22.691269412451074,0,1,routing_issue
143.69164604558938,0.05706097466388297,16.568077245025894,1,1,dns_failure
60.43482513986757,0.0030387059696836863,26.215718898560507,0,1,routing_issue
152.82768043169148,0.09309486955069779,16.30389663956366,1,1,dns_failure
71.26591648863393,0.06895267510315611,23.771003939021863,0,1,routing_issue
159.3542301871226,0.06765133857772465,19.707371863150218,0,1,routing_issue
177.9297789503702,0.02156751523977172,31.260502507721682,0,1,routing_issue
78.96588408241448,0.06588854702326573,19.486062764115136,0,1,routing_issue
168.16880646221608,0.03938644056541585,2.2696753179311857,0,1,routing_issue
140.63904634682493,0.06512329770414921,32.619215007139914,0,1,routing_issue
161.1030079997245,0.010659303030799074,10.94267699137381,1,1,dns_failure
214.83964913269736,0.06578453046030361,13.462336613511802,1,0,dns_failure
107.73059419985647,0.09994137257706666,14.04338705956508,0,1,routing_issue
82.31319178212551,0.0048212038860556035,33.74438093170817,0,1,routing_issue
75.52427851872383,0.09771741842213173,-1.3567421397869595,0,1,routing_issue
79.20948575172808,0.040690796072287067,51.377485336599946,0,0,normal
116.1449145292948,0.08707534503372592,30.560568090660517,1,1,dns_failure
137.05759874083216,0.07823854840582735,22.2323891412916,0,0,packet_drop
133.83453996650096,0.05670162609866678,19.451059993837138,1,1,dns_failure
161.35916245180118,0.07384492092513266,22.85554074857657,1,1,dns_failure
120.65009459389535,0.08785155613013479,25.211224283793385,0,0,packet_drop
192.67670385786585,0.0404140321651033,26.45215585950057,0,1,routing_issue
106.76715833810219,0.032703316156323874,25.556044660034484,1,0,dns_failure
256.00845832948096,0.06675933855635847,20.89580681255249,1,0,dns_failure
151.2833673882503,0.08078459419412587,18.026615796926738,0,1,routing_issue
77.14212217918588,0.07622851347766157,18.48726716346488,0,1,routing_issue
66.45537509694438,0.07978136488586346,18.05091719647319,0,1,routing_issue
144.12362076215928,0.0435583314812933,31.337700968670646,1,1,dns_failure
108.82686073370746,0.08178342161750217,25.93556722280862,1,0,dns_failure
155.7000247046046,0.012020905537060846,-9.403886346642803,0,0,normal
143.66188122867723,0.05444890979608496,26.55900776529761,1,1,dns_failure
116.35855436715636,0.0005758660498121571,21.947361947187748,1,0,dns_failure
77.66031409657975,0.03245858299002703,19.812912435541026,0,0,normal
44.257638765706766,0.03664615348713979,16.114815469111143,0,1,routing_issue
97.67425239664895,0.03961726916092554,31.241127199860134,1,0,dns_failure
162.81993971617362,0.06954672066898622,29.47526462122858,1,0,dns_failure
130.7046872065102,0.038855810127034575,12.271223321763909,0,1,routing_issue
57.7130610644006,0.04486936226225307,24.070522871245352,0,0,normal
128.6590462925591,0.023754413087432747,10.283432654587141,0,1,routing_issue
139.26586898644183,0.03732517916293401,6.203818352110697,0,0,normal
75.80712818994336,0.02272696272631515,13.732827754100349,0,1,routing_issue
127.68625529727639,0.0073195923768443645,28.62393472382759,1,0,dns_failure
122.9104359223,0.060344859338137796,29.531250453760865,1,0,dns_failure
62.85148510846884,0.06682127985550163,25.13085420097293,1,1,dns_failure
137.88936801741417,0.061949034600961454,27.250957868479972,1,1,dns_failure
148.03922631841172,0.04634940438005724,25.161782871149583,0,1,routing_issue
174.15256215876386,0.03797857801792298,13.585184047770477,0,1,routing_issue
172.69010260174514,0.08633336495718252,24.319225446739406,0,0,packet_drop
51.11653160214545,0.05190817851362181,28.004095252276826,1,0,dns_failure
73.10874800424386,0.0479181877629731,27.542913298135744,1,0,dns_failure
145.751763360433,0.002564206580643569,31.88913371474643,1,1,dns_failure
145.68929754561043,0.03412478276261564,27.08303847201064,0,0,normal
145.75238431530238,0.03801956187858571,23.514482075415827,1,0,dns_failure
312.63657453273606,0.039882278089690054,30.701502383164275,0,1,routing_issue
148.54452553465836,0.05801723692273323,19.734787407509398,0,1,routing_issue
176.77828200902994,0.053360254672687846,11.181253487722818,0,0,normal
167.70008817466012,0.060790509279344464,18.369330360562362,0,1,routing_issue
152.5695625652899,0.07648832615421283,12.55097355193551,0,0,packet_drop
104.23653776798272,0.08129857387160935,13.248217250256184,0,0,packet_drop
157.94846102466337,0.07181230762264944,18.554813292844823,1,1,dns_failure
81.35873927312142,0.09555236959549347,12.075800790000388,0,0,packet_drop
108.15906966299956,0.0018232582676361631,16.920384703609596,0,1,routing_issue
95.73182260854483,0.01957779856835461,1.0638533304621434,1,1,dns_failure
124.09370696931613,0.0007562874978142121,22.132937073729387,0,0,normal
235.73292833367543,0.0647474714154603,20.01205475362224,1,0,dns_failure
26.636740370412586,0.0898030548949987,11.829113689318094,1,0,dns_failure
154.3130095187257,0.02434822965762993,26.592456684324052,1,1,dns_failure
39.36420644051741,0.09270345447963067,29.375701376265585,0,0,packet_drop
96.40340671052833,0.0060267390289560855,3.9244013563102587,0,1,routing_issue
174.4475298483683,0.09344360268055144,12.372752214337858,1,1,dns_failure
123.21400095477314,0.03516226872396344,12.30857650212702,0,0,normal
66.1127611035347,0.010142082844921652,10.600968988911355,0,1,routing_issue
84.23481453700158,0.04858717591863257,28.294748419317486,1,0,dns_failure
153.97988744673378,0.025677656772050795,18.061738612271967,1,0,dns_failure
83.48166841414317,0.028487290196192283,17.354851586893894,0,0,normal
130.82292947909875,0.030728996492628658,-0.03862364406753471,1,0,dns_failure
122.2785919951907,0.08030258978326635,26.354180302092264,1,0,dns_failure
87.41998261970916,0.05391612766752545,7.607416051465274,1,0,dns_failure
227.19720446626627,0.031130769915600365,20.599326302663282,0,0,congestion
151.69595111590056,0.06103337833109184,22.77376937958192,0,1,routing_issue
18.742870667119643,0.07161506742231936,33.60658595838651,0,0,packet_drop
129.32271573847137,0.027262400073353378,6.91179600880888,1,1,dns_failure
86.9106767615806,0.04135491015253515,-10.195121558208253,0,1,routing_issue
162.6216667398112,0.012188609333694755,21.83849544753695,1,1,dns_failure
80.37396307836497,0.018114934953468033,38.005111815108535,0,0,normal
114.26317792665505,0.06811178539649829,32.38946352939438,0,1,routing_issue
145.24936394902286,0.018143834769562696,22.096594152746256,1,1,dns_failure
163.2877597085061,0.05251633836670602,15.083638143679526,0,0,normal
59.98517964721119,0.07090462617224327,28.071225966373103,1,0,dns_failure
103.27493820795259,0.010687692309474384,10.264538002955314,0,1,routing_issue
96.25273444195219,0.056731221962890356,24.76357769356219,0,0,normal
87.3335383713144,0.025656278370136378,25.054701591666266,1,0,dns_failure
208.27271201405483,0.09629268752375798,30.602099074988796,1,0,dns_failure
140.2490855480478,0.04835456467199248,47.596600389110776,1,0,dns_failure
56.95580228324774,0.08059925497751581,23.92415967178767,0,1,routing_issue
165.8930973527388,0.05502265421562618,14.910363742925012,0,0,normal
226.10780985063167,0.0043412532854819165,19.744256878080055,0,0,congestion
171.62326302755733,0.06331513755940224,2.3092409511088174,1,0,dns_failure
44.03150170229933,0.0951403342206657,13.052868689109419,1,1,dns_failure
95.78829635668743,0.06016118201463312,15.90717561886896,1,1,dns_failure
183.34555745933113,0.08191888594267903,14.759116020654075,0,0,packet_drop
84.61652671906096,0.08842064633484079,21.52354872033722,0,0,packet_drop
142.19097140731142,0.022807977194893247,11.775800676177994,1,1,dns_failure
158.73170267146685,0.021204483990822667,31.210306673244716,0,0,normal
73.65347642109585,0.06109809888509918,20.002070649181974,1,0,dns_failure
117.02373219690999,0.041102846980670474,19.906996788613736,0,1,routing_issue
-42.06336700345363,0.08398613028667204,16.72105283487082,0,0,packet_drop
68.78061793328551,0.09000231233980112,21.55190683858979,1,0,dns_failure
107.37159243034199,0.035342137930271814,28.250982646676345,0,1,routing_issue
57.61084090175753,0.023687055897448208,11.328697842890998,0,1,routing_issue
201.62056519658177,0.07805255152438619,13.418835109247434,1,0,dns_failure
48.49293110196837,0.02748060355481361,16.962739712233354,1,1,dns_failure
97.99777566515081,0.08226143185136785,6.541290765267851,0,0,packet_drop
126.53702886430457,0.042373825364876286,11.807421402785023,1,0,dns_failure
192.06366445330576,0.06675498992914705,15.237791264553412,0,0,normal
48.20689244102803,0.009553531383466818,28.743891807127273,1,1,dns_failure
178.15818760774798,0.06238593246765731,22.625613290019253,0,1,routing_issue
120.51165305097935,0.04517676787372291,21.935899113675447,0,0,normal
70.92456744760246,0.058660846317547415,28.50897962167972,1,0,dns_failure
143.10517371316354,0.016801420774486344,18.626282116006035,0,1,routing_issue
129.9529847786735,0.07368737449441821,23.904648499288896,0,1,routing_issue
89.98915614206027,0.08627970775432287,18.967782470675036,1,1,dns_failure
123.49010424950094,0.021673980009077567,22.653623493996285,1,0,dns_failure
100.734320156912,0.009571455552016174,14.17241342388418,0,1,routing_issue
125.6758672625624,0.00236385860463364,-4.388171582764291,1,1,dns_failure
153.1065337260523,0.0641971500443266,18.657208378136957,1,0,dns_failure
199.3008408072676,0.06070940360887808,34.2274813609994,0,0,normal
58.10922505865755,0.054669741271407,29.26215402241592,0,0,normal
226.65166873281333,0.023194709611597544,29.65397484591171,1,1,dns_failure
22.395610023874905,0.03909059959055147,32.36130721806218,1,0,dns_failure
112.41074524822083,0.05944763351861731,20.886575909614375,1,0,dns_failure
149.41586032422882,0.04967668588591694,21.973157074055962,0,0,normal
134.04959338675164,0.09877855202148873,13.823481045656498,0,0,packet_drop
88.86502400897031,0.013643975255673313,16.8392714397295,0,1,routing_issue
109.59388748213624,0.06951445540475938,26.157711497711414,0,0,normal
95.34995326705834,0.040431876810429215,32.038844371688164,0,1,routing_issue
90.53176215278941,0.04281996149256148,18.605537243190003,0,1,routing_issue
162.48010485105124,0.07175977656581763,15.498107351485885,0,1,routing_issue
137.85077429825236,0.06924361513243697,20.005279588565973,1,0,dns_failure
85.35452023696729,0.09912559937021884,26.01206748929115,1,1,dns_failure
164.97999377166255,0.012839428945412524,5.561451838664581,0,0,normal
135.36497604383047,0.010410964938416634,-2.9618095313723813,0,0,normal
160.643105941948,0.07243388171287411,14.494631505084165,0,0,packet_drop
151.48144209618061,0.05783869170064091,7.792875740858413,1,1,dns_failure
78.55024945389637,0.02741606665598059,14.918598023526892,0,0,normal
91.99094799015151,0.00794193689889866,18.522196811825285,1,0,dns_failure
157.3646802561631,0.008565824959643054,15.467515909769865,1,0,dns_failure
150.51851327167324,0.08941908746641183,34.524675344707454,1,1,dns_failure
118.9549203017926,0.01918673247187429,23.2674476460232,1,1,dns_failure
125.8663691654391,0.03233715621155208,23.004743596108284,1,1,dns_failure
183.88324478942124,0.022665640222698805,26.222071440434018,0,0,normal
90.4214305582085,0.035499630583193734,8.611668822192309,0,1,routing_issue
147.3548690585019,0.006942384274609337,30.391117874202685,1,0,dns_failure
109.8903673783053,0.05190597909082704,19.242357134645403,0,0,normal
109.11593983863898,0.0067612563592214904,26.704806172412127,1,1,dns_failure
174.9388425993595,0.08003565078223616,9.281427669598445,1,0,dns_failure
161.2708174494015,0.023371208191043304,4.462412339839357,0,1,routing_issue
160.67548180003192,0.05400119146045106,28.178896580250285,0,0,normal
185.27394035771644,0.08800790875614584,23.764095260975164,0,1,routing_issue
121.05019208163796,0.06508773690471942,10.979484456424895,0,0,normal
154.0976485647482,0.05329577865513353,11.303369187253056,0,0,normal
104.4866621703272,0.03243337531153756,31.254347844147695,1,0,dns_failure
136.2083176244221,0.03330019130581979,8.10588107132672,0,0,normal
113.49284728161577,0.06694869551981901,36.426729532559634,0,0,normal
124.84979824963591,0.09941393612211676,10.993792653521313,0,1,routing_issue
149.75785127184568,0.06618391898493786,26.38391925608383,1,0,dns_failure
79.08896583832637,0.055778341737002496,16.713815242510154,0,1,routing_issue
224.61936378427302,0.07306505102392462,26.03187431082343,1,1,dns_failure
69.6991309250149,0.046520561228371816,14.558859978858074,0,1,routing_issue
59.29056936061339,0.0060142342600785215,18.37207093927706,0,0,normal
177.9055436750034,0.056229681587790986,20.409191753957213,1,0,dns_failure
159.5831346981468,0.09576252845053802,9.978125442185274,0,0,packet_drop
151.20599085260775,0.017530294235765964,27.408243454201255,0,1,routing_issue
151.417275463214,0.06900048908206657,14.86786433528415,1,0,dns_failure
119.38766135765427,0.02009336886590565,17.714000846599813,0,0,normal
75.13728142570842,0.05358276844730813,10.056506253914877,1,1,dns_failure
123.79022790968632,0.009667644964671963,-5.623336587953105,1,1,dns_failure
86.14191442439441,0.045037093625818515,18.08972237399831,1,1,dns_failure
168.75598667088755,0.07561633288952462,44.12615421612916,1,1,dns_failure
112.64713092489306,0.03475715242389821,27.84604287898024,1,1,dns_failure
78.72514016037442,0.06649117244872181,19.807396202656054,0,1,routing_issue
103.93070791735033,0.07954499607897292,17.371091707917323,0,0,packet_drop
140.6465727137812,0.09271778194794528,20.224658928120462,0,1,routing_issue
91.81377235980125,0.023464208185545357,25.471191151752098,1,0,dns_failure
78.88898022167842,0.03993159158093082,8.191871846911551,1,0,dns_failure
132.18436057459562,0.015241601333041744,31.14321694668872,1,0,dns_failure
132.24832855543613,0.09924835021583753,27.15381315441244,1,1,dns_failure
94.65284123144352,0.09270009679242953,27.181857257079344,0,0,packet_drop
96.44808471908387,0.05399571302805596,24.384757388097274,0,1,routing_issue
131.60249686788183,0.08420332943764214,20.1961665769399,1,1,dns_failure
47.5957829251338,0.05209579772720422,26.728612359668197,1,0,dns_failure
49.62681128117224,0.062358568800275974,25.91814133741378,0,1,routing_issue
84.0777889373782,0.008912443211601662,16.45959289058976,1,0,dns_failure
109.32764241440763,0.0755270420496808,14.26398227103099,1,0,dns_failure
135.54537827990023,0.012771348363523484,21.018562952619867,1,1,dns_failure
193.7678108474776,0.08260676302525284,35.49020151495187,0,0,packet_drop
162.88298116010097,0.0782028087670386,7.608929243460992,0,0,packet_drop
112.00307350182864,0.07087446977429765,5.3247473424756,1,0,dns_failure
119.04918960486556,0.0036160380524762115,21.647608412365166,0,1,routing_issue
69.87353176810956,0.030312835594532864,20.50887701856018,1,0,dns_failure
119.07434320038051,0.02631125699108429,21.733416643704082,1,1,dns_failure
105.56706805399311,0.03601364074715191,22.439531979085004,0,1,routing_issue
136.13592801690447,0.008764274676383854,17.767977453651948,1,0,dns_failure
78.63845282238385,0.09369578230310628,34.898634386020824,1,0,dns_failure
145.96732571205862,0.05538022407123763,3.9909602152348445,0,1,routing_issue
196.6369456501289,0.030552431065802355,11.71502975219754,1,1,dns_failure
114.56199257715711,0.039698151707428346,18.967452398509526,1,0,dns_failure
140.08558610494708,0.04472025405048357,3.5681118884583296,1,0,dns_failure
154.50719958555564,0.06005943333606173,18.24145595567929,0,1,routing_issue
99.93897640570819,0.05156794276964978,36.61470165728018,1,1,dns_failure
131.20462409052084,0.09193919732144173,20.208864882959617,0,1,routing_issue
120.62962003908974,0.04969634829058303,22.307009057186836,1,1,dns_failure
124.88380492744159,0.09921580148233128,7.398352348274198,1,1,dns_failure
81.34951080722668,0.08514249577450958,13.836385919605226,1,0,dns_failure
121.22550871294713,0.020851051435733584,16.24803619676063,1,1,dns_failure
144.89991456227247,0.09305952146439163,16.82284903243766,0,1,routing_issue
192.5571803897521,0.01163663978854761,32.81643795003769,0,0,normal
167.96354130426033,0.08174497084911916,25.576910607251246,1,0,dns_failure
227.65912287557782,0.03806232934765801,8.88542043062968,1,1,dns_failure
81.63262185559752,0.08779743204450696,22.46504778432005,1,1,dns_failure
163.6160318360339,0.08680566901074505,24.98221748496785,1,0,dns_failure
129.1671002869176,0.08059254001176212,31.401490385212664,1,1,dns_failure
229.49014666088362,0.07900304363070615,35.805406865683736,1,1,dns_failure
79.58508573224243,0.03046791390980408,9.849058081721314,1,0,dns_failure
78.01390789096119,0.008091928305125218,11.891424887896617,1,1,dns_failure
90.03036772779889,0.04029801787651615,7.424221410853837,0,0,normal
13.805213784509656,0.01735245149865087,17.65980140893019,0,0,normal
93.71224891596195,0.06949510889024617,24.66358374446334,0,0,normal
82.0433669223151,0.034609972653778555,29.873345165891017,1,0,dns_failure
127.51968932381038,0.09756102008599149,19.24048976357477,1,1,dns_failure
137.08779878885798,0.0640972077345332,16.80152476745156,1,0,dns_failure
213.80854196079432,0.0822480563634361,21.517579922487403,0,1,routing_issue
167.5211919093025,0.013252467274184844,11.64857098369977,1,1,dns_failure
91.15481721687985,0.08620144822726226,40.89538721694773,0,1,routing_issue
75.0792664325821,0.09227571905133944,3.923389728819413,1,1,dns_failure
144.59595857532528,0.048706191881893596,21.847405788957243,0,1,routing_issue
53.988339648967894,0.06062529377509775,40.236062192296394,0,0,normal
211.57293829271768,0.07648098009029955,20.06799844559998,0,0,packet_drop
178.97200603606436,0.017483862726041254,18.099609649985055,1,0,dns_failure
96.54121739476476,0.050256607646344244,16.425545771895727,0,0,normal
34.3432735454561,0.03986630277723131,18.196083182375922,1,1,dns_failure
187.69361870827066,0.014637399216224912,33.728484746765304,1,0,dns_failure
114.2730077373691,0.036753442229153145,-2.1186191132950682,1,1,dns_failure
181.8908155986731,0.006817230938549357,35.33433701296325,1,1,dns_failure
40.27861706028165,0.0025811906949486985,5.760428475498549,1,0,dns_failure
90.03124885231135,0.013516628915482276,17.33347670765585,0,0,normal
120.26218498590916,0.0963115111589174,15.70755579701338,1,0,dns_failure
122.34902968823711,0.054952953589501696,25.8855326977072,1,0,dns_failure
97.49672642603782,0.096582216115322,4.018756481162525,1,1,dns_failure
151.14249661737495,0.0432497878330132,24.62172666081943,1,1,dns_failure
66.61897853087028,0.03118161330852596,40.243096232868524,1,0,dns_failure
112.88102574893533,0.050614186284024414,6.368259954071895,0,1,routing_issue
126.01478158559495,0.043951168863291014,21.897061676103956,0,1,routing_issue
145.72194170293744,0.010566468426174392,13.380178222033908,1,1,dns_failure
155.5807439044445,0.06408263146902063,24.258872061930358,0,0,normal
63.76789540810655,0.02160381825095996,20.19147777415752,0,1,routing_issue
43.29429146321888,0.06195879548978296,13.585130909556904,1,0,dns_failure
183.88384109492546,0.06502010923981534,24.87872284871074,0,0,normal
136.61570059897957,0.015202485312864812,38.04348109786743,1,1,dns_failure
82.57567317217232,0.006134962711066816,18.090962082727014,0,1,routing_issue
197.55759877612616,0.07807615860684398,27.19757942148182,0,0,packet_drop
125.78373171464294,0.04598004237693202,7.067270421288363,0,1,routing_issue
178.9648592031913,0.00581637955054758,10.435636231819913,1,1,dns_failure
123.37592407050545,0.09948663171697672,24.724062778803773,0,0,packet_drop
223.03739624409934,0.005778056099636664,34.84116028535965,0,0,congestion
207.76704212216023,0.06950352288585532,23.5561334878566,1,0,dns_failure
107.55179257604632,0.09836789252634137,16.869419694768457,1,0,dns_failure
168.57854754771776,0.023918010421592563,19.99291405423354,0,1,routing_issue
152.2687974792574,0.014224936868719618,7.495922660302825,1,1,dns_failure
188.43157787661744,0.01213849394224289,26.04515326355367,0,0,normal
71.75382697099478,0.030327514756759558,28.823330623234092,0,0,normal
154.30257299992198,0.01010458110106467,15.479096671669197,1,0,dns_failure
172.92122434247938,0.06921613416941319,15.299578522404985,1,1,dns_failure
32.063025678844284,0.0062291798130062696,22.658782296520485,1,0,dns_failure
60.83707436671125,0.050942212814978974,15.632802639594045,0,1,routing_issue
18.038391111994972,0.09966968538529769,19.338673853741774,1,0,dns_failure
106.52965827777211,0.08139702695060189,40.99721789166515,0,0,packet_drop
155.8771127897981,0.06152194382310109,17.529742992540033,1,0,dns_failure
195.1178526048014,0.030625362078661168,16.416598479787776,0,1,routing_issue
123.70473902098875,0.06238958362916385,13.524581943648407,1,1,dns_failure
201.4307772785646,0.05270414639116516,27.44191971499937,0,1,routing_issue
50.994927089255434,0.04260833838903715,18.18775826781897,1,0,dns_failure
34.83087803224227,0.013071037674019948,13.50626961678574,0,1,routing_issue
117.22261505516906,0.08866042152404668,33.21304032273012,1,1,dns_failure
139.20327244696537,0.04497846488213225,34.196030045136375,1,0,dns_failure
118.36526259529535,0.019462251182076507,13.995764342612949,0,0,normal
16.62789499800617,0.036775935087728966,1.3346004863938377,1,1,dns_failure
115.54399802436058,0.041412975252892704,30.075136898369223,0,1,routing_issue
54.776524974757336,0.08275378955668744,13.15370174239996,0,1,routing_issue
153.4836274415019,0.0733614380561402,27.906255991627688,1,1,dns_failure
138.32991230484242,0.07693048936413399,0.29896182288164264,0,0,packet_drop
73.00601068363224,0.0011031264428647215,28.925973382993092,1,0,dns_failure
94.30665413316532,0.041615399817976156,7.888280707192187,1,0,dns_failure
67.03932390555242,0.04813441516353237,27.307641190665244,0,1,routing_issue
116.86604513634141,0.0019192276823056687,20.14273067836434,1,1,dns_failure
167.75711602506192,0.025981320874503423,10.46060580603355,0,0,normal
70.71369768322282,0.0760289823122135,15.929636870732194,0,0,packet_drop
145.20232577589223,0.013710970572899906,26.863184569567007,1,1,dns_failure
93.48711908137795,0.05353101314525917,21.058944531152342,1,1,dns_failure
80.35635838688279,0.021520187201723752,25.844129804724844,0,0,normal
114.6484820022721,0.0012120774643893273,39.764405845154855,0,0,normal
68.2378838790313,0.02412014575995415,4.357583882889486,1,0,dns_failure
92.3175347326409,0.09758737549100538,36.17212574968624,1,1,dns_failure
60.10610537055758,0.08015371118829896,21.043559375232128,1,1,dns_failure
218.23625664581945,0.09595766443210335,11.012159516768719,1,1,dns_failure
121.76317759858642,0.04878540439263625,6.696863742610102,0,1,routing_issue
85.01372460037074,0.010973619867750351,18.108796092229664,1,1,dns_failure
130.6989955367111,0.0547959488973693,29.216501119244594,0,1,routing_issue
114.38359751545852,0.04543773345599609,18.724508796224658,0,0,normal
108.95152002333887,0.0844357082739616,35.11154930247348,1,0,dns_failure
150.70833500217125,0.00980825807842446,5.488243099484411,0,1,routing_issue
157.87538550236525,0.04882411370217782,19.879110521539456,1,0,dns_failure
93.47494261947362,0.015004866469398427,7.476065555868809,0,1,routing_issue
91.209087967766,0.032467592689006,23.636318826249678,1,0,dns_failure
106.2474151424178,0.07373570773877997,28.868873900973004,0,1,routing_issue
4.903941763220758,0.04760181293687665,15.792382063189468,0,0,normal
44.2404468900724,0.037588828514576934,-6.042138566271342,1,0,dns_failure
188.34371337222623,0.03944762785700354,21.989481467964946,1,1,dns_failure
202.24838567506418,0.045944676840598664,24.367385517335094,0,1,routing_issue
107.54819802218108,0.0785016543837057,24.042947549616976,0,0,packet_drop
148.82784815278833,0.08920846889402345,32.35782191822154,1,0,dns_failure
135.5625077271768,0.09553346865039283,9.289463203509511,0,1,routing_issue
273.9440404227619,0.07869033862552952,26.802161054504495,1,0,dns_failure
175.97874557172884,0.03154068957480127,31.92507512477975,0,1,routing_issue
113.60412042596167,0.06881347060865421,2.2141241599348316,1,1,dns_failure
72.22297796997871,0.043760312405539195,23.196518259189773,0,0,normal
39.67768398712138,0.02546706220460512,14.958201689923285,1,1,dns_failure
130.17318179336115,0.08408715794259226,19.18477326898354,1,0,dns_failure
82.18246273578484,0.0038426348962325,23.476764835383364,0,0,normal
48.88731452011629,0.09017619921354236,15.127714358864477,1,1,dns_failure
87.67135578787367,0.04614774646247342,13.242919208383881,0,0,normal
65.92259981928024,0.06372014768082805,20.341524174880245,1,1,dns_failure
204.35708175362825,0.06593539222057827,9.127540611371977,1,1,dns_failure
164.08198784747253,0.08951177407065364,9.141748711148146,1,1,dns_failure
119.60136793416913,0.06366696821672073,26.793732829565034,0,0,normal
193.99720694450133,0.06139335847600618,8.51205964841344,1,1,dns_failure
123.86841538238092,0.006665204056068997,26.66312500909212,0,0,normal
76.93578993358682,0.05184080219452041,24.625912928539513,1,1,dns_failure
196.15620386348286,0.015016900081704166,2.741932712094033,0,1,routing_issue
146.94550218423294,0.07374337687214856,13.224353476643449,0,1,routing_issue
68.13769228367718,0.05122219208126745,31.941094030473725,0,0,normal
110.4830660958196,0.06802277792083533,10.188344688603184,1,0,dns_failure
76.21908733076214,0.004167290060238427,15.355957376906124,0,1,routing_issue
50.86001345178319,0.008479201604580322,24.620608932518966,1,1,dns_failure
166.30887737658207,0.07163233880626822,27.833905092825955,0,0,packet_drop
215.47083202350652,0.0072084335998673366,17.484611139555042,0,0,congestion
50.07162130904294,0.0071256727765258605,14.024898053083584,0,0,normal
148.14846183452855,0.0012108475234887451,34.223698616985075,0,1,routing_issue
87.46787154390864,0.09565013982994802,37.38899663797579,1,0,dns_failure
95.6437308117652,0.07375083594590069,29.788580507817954,0,1,routing_issue
90.38030378805654,0.03532514085020642,20.85318142565024,0,0,normal
76.8004615160092,0.029653558128765523,11.917342783590737,1,1,dns_failure
122.42608139724135,0.03497032297458496,11.695555934434347,0,1,routing_issue
78.45249417944811,0.0774653531181182,25.225141052657573,0,1,routing_issue
133.52284128899194,0.06613706110704144,24.18398220888684,0,0,normal
117.48809452754315,0.018519556786746796,34.01598592946429,0,0,normal
108.05259765667951,0.017410933533408435,26.50450092536139,1,0,dns_failure
74.62181689792011,0.009839564971339733,4.969196982401818,1,1,dns_failure
91.16143347158336,0.06603027197013382,30.519476177229187,0,1,routing_issue
157.7695612912878,0.0764372662221736,10.01939372685587,1,0,dns_failure
145.04585938121903,0.026504642832500404,16.160287280476485,1,1,dns_failure
71.12223776007245,0.002094496103091281,22.502002062516944,0,1,routing_issue
124.9666152714613,0.008217166747642736,39.95667489783964,1,1,dns_failure
157.56935616858945,0.09678600348450306,51.099185560053606,0,0,packet_drop
36.52973594393141,0.029544477747742028,26.067230591361827,1,1,dns_failure
147.16800961899676,0.07692231478381337,18.16803381279612,1,0,dns_failure
86.86881205270767,0.06246635688542638,25.345056484805504,1,0,dns_failure
148.52993342965797,0.038193963965289596,28.87655425873836,0,0,normal
81.83704217287416,0.02056872621955551,16.793323744428083,1,0,dns_failure
29.755894966774047,0.012138641815940644,37.95211355912322,0,0,normal
38.62287810584186,0.06150129680388666,22.30070759191402,0,1,routing_issue
122.4042473330691,0.0774633780637788,24.977430890913944,1,0,dns_failure
132.98612508607408,0.06439042535411307,26.659242520544613,0,0,normal
74.78416874477958,0.05303021332491584,24.215866106144556,1,0,dns_failure
151.9296229388687,0.004195122343163627,28.389405004696123,0,1,routing_issue
36.923996886552004,0.09684887775943839,13.827468134530767,0,1,routing_issue
116.69601006763418,0.07987141916545747,14.416982460539694,1,1,dns_failure
59.44919001187718,0.029282203670096475,8.99845767028305,1,1,dns_failure
87.40819460989204,0.09799703293588508,24.395012306202265,1,0,dns_failure
122.3699335658207,0.060188158963632214,27.78936503512114,1,0,dns_failure
76.97933173580238,0.05824226582072465,24.577728661518858,0,1,routing_issue
100.77222278850873,0.07480731794295321,36.744924333475375,0,1,routing_issue
170.31464046072202,0.08117697880901376,19.944039811709533,0,1,routing_issue
91.15540652384256,0.06564786073315027,26.687416555925125,1,1,dns_failure
161.7846056032571,0.012809574636620004,9.082991238606857,0,0,normal
63.51465726711909,0.03382675059944984,16.12900297525599,1,1,dns_failure
146.49020889576414,0.09280836403260498,26.955377575657774,0,1,routing_issue
192.07843103289503,0.022461561184385193,28.49102110743144,1,1,dns_failure
-3.5822250063644656,0.037216702383751334,17.06033052335818,0,1,routing_issue
80.15523722647616,0.0432076882944196,19.28400748141933,0,1,routing_issue
148.853606359027,0.04394049896944522,4.821262533191906,1,1,dns_failure
109.84773069785037,0.06129395824945255,16.429707991933906,0,1,routing_issue
138.55729366856545,0.09430758377447077,28.90383163519786,1,0,dns_failure
89.80074066420897,0.024069271183250498,25.75205016106566,0,0,normal
124.32948937364499,0.012150137630091807,25.006657213812097,0,0,normal
112.21613823039603,0.019747048985993734,20.4977368718096,1,0,dns_failure
178.38910308299037,0.08869249002092695,20.070631586281763,1,0,dns_failure
132.72104216506065,0.0645810812655206,13.39678860526553,0,0,normal
136.8801331037601,0.028590678923916014,26.988284202025348,0,1,routing_issue
99.40615169387664,0.08159469389686173,24.2097294438939,0,1,routing_issue
95.61968879637533,0.08613699963634361,24.920188479927994,0,0,packet_drop
98.37209060901895,0.0846514338690278,14.739651573324196,0,1,routing_issue
139.72260711891485,0.09189265336395545,-1.5334291987124438,0,0,packet_drop
98.95077595898685,0.02522410201733616,30.971527117536958,1,1,dns_failure
134.48874284482065,0.07550419287462784,15.211625439915958,1,1,dns_failure
223.7700399322719,0.046053949727414,11.372242359568794,1,1,dns_failure
163.5562351715846,0.08419985528900616,26.934789119139936,0,1,routing_issue
103.69882339160795,0.07284906771616133,16.079873600808703,0,1,routing_issue
180.06069610819725,0.07764474464997247,30.599363840466218,0,1,routing_issue
99.59623134892243,0.06561618376810716,26.170059495766974,1,0,dns_failure
18.093773241107307,0.017742876946970687,26.835693232004775,1,0,dns_failure
69.5956844541298,0.05450269188969384,6.340442887994657,0,1,routing_issue
26.460403948707217,0.09846697395245083,32.119439853864,0,0,packet_drop
102.42432579793457,0.0937388066497119,22.61250531233856,1,1,dns_failure
120.92091895947759,0.0043173735797011675,16.30722860753797,1,0,dns_failure
203.82186561376415,0.016481481572943713,21.43388467342251,1,1,dns_failure
136.34636868820814,0.013172877345456191,2.2376476710168003,0,0,normal
109.0449735595568,0.07259799099852955,24.086528114806708,0,1,routing_issue
161.47027905917446,0.08177853298569451,9.706284918179284,0,0,packet_drop
9.443234549605744,0.02135113663106719,6.473297141564656,1,1,dns_failure
131.7807279054283,0.0505852692951829,4.776408137821089,1,0,dns_failure
158.54325969434834,0.08407030280112,31.126883749899253,0,1,routing_issue
46.07068771100792,0.07328015447662506,13.707366063072113,0,1,routing_issue
177.18770216034645,0.05422372054918483,35.33727709916499,1,1,dns_failure
136.9248203747207,0.05903476904587729,14.641985369477021,0,0,normal
99.23560430495994,0.050836054691627997,2.9264204240705327,1,0,dns_failure
151.63909330531425,0.02975484513188206,8.83475560051341,1,0,dns_failure
233.5346428902198,0.05650219928590161,32.35811620006939,0,1,routing_issue
129.09331275292476,0.06888853020500907,18.441018220633325,1,0,dns_failure
132.4110293150168,0.08733229158608077,14.51712703509399,0,1,routing_issue
97.03195502298779,0.06362913539792481,21.600182258527877,1,0,dns_failure
77.50778152676041,0.0761121537043158,25.01782736167545,1,0,dns_failure
161.51679082721228,0.0160071634954573,31.173988159024606,0,0,normal
77.19580870455664,0.04615574744197899,34.48499229892926,1,0,dns_failure
123.57831186096962,0.0009331619827093297,16.40231354210914,0,1,routing_issue
96.11712766174416,0.024667886452162304,6.7395231391796155,0,0,normal
143.94899128731961,0.07264617151130048,15.86534838876724,1,0,dns_failure
136.68310526434743,0.09918099513493635,22.60280506582886,0,1,routing_issue
171.87699721289496,0.009917809958721591,10.36241073789389,0,1,routing_issue
94.49918005726265,0.040149431586128825,10.42849085104957,0,0,normal
106.50625323533144,0.08000709686991596,23.437878815498856,0,0,packet_drop
71.06181421088463,0.020403563462889886,19.513476484295488,0,1,routing_issue
97.78533699619443,0.05550849493022863,20.327969954115865,0,1,routing_issue
138.8650246522426,0.07330712960296748,12.415046652999305,1,1,dns_failure
157.8494308322676,0.06159854502601791,17.695992857942326,0,0,normal
73.89173379111872,0.018802473461541614,10.757668557316956,1,0,dns_failure
163.480296005283,0.035538456868573945,28.901984111247867,1,0,dns_failure
187.78189294024756,0.07837917844853973,30.352493347237527,0,1,routing_issue
140.67174516118504,0.055422651413201664,1.5381213776190616,1,1,dns_failure
213.83979062790328,0.0005229613542912737,10.7048913980759,1,1,dns_failure
81.31054004482135,0.0760990760028094,5.034707449099209,0,0,packet_drop
57.76726483442915,0.003531135494023907,13.499760655931018,0,1,routing_issue
31.06398755478607,0.07457337827312321,19.165620302096393,0,0,packet_drop
194.80221557445915,0.02024805601652374,5.503547803014699,1,1,dns_failure
152.71828281770289,0.09580734801193802,10.78140186874687,1,0,dns_failure
117.22076645447724,0.03679407513020845,9.960426279185018,0,0,normal
133.998431315991,0.032693161633807914,22.07267329398944,0,1,routing_issue
63.72554763508118,0.014888805033244468,20.693443370362505,1,0,dns_failure
242.28759898084132,0.03056042154902149,12.782624466627468,1,1,dns_failure
126.46105909876138,0.08766507618282006,21.76820872139398,1,0,dns_failure
125.46973973024464,0.09963343376272474,14.533199154127347,1,1,dns_failure
156.2883311949346,0.03683095305068484,17.28344889673947,0,1,routing_issue
144.05046158683567,0.04486106309545426,36.73452090298537,1,0,dns_failure
131.19420121395657,0.07220709382027371,33.40461051790348,1,1,dns_failure
80.4762772277344,0.08861957804650746,7.004187630724024,1,0,dns_failure
143.57341785679978,0.059304433418678415,28.297324178791744,1,1,dns_failure
214.1012248237517,0.03915256981778294,28.11396554491592,0,1,routing_issue
187.2710023077489,0.041262184084862374,8.517367112473817,0,1,routing_issue
199.65933133196987,0.06956181464968068,28.187776437548607,1,1,dns_failure
94.43921617844073,0.0003218263604278682,35.37931918412553,1,0,dns_failure
70.51975898707096,0.061958933745984074,8.774551937555861,0,1,routing_issue
113.7106539950176,0.03554930104413574,10.824971789857363,0,1,routing_issue
122.78624561443473,0.07941973312770843,30.176614668435025,1,0,dns_failure
174.70957592354742,0.009299063982313217,22.71495310825648,1,0,dns_failure
35.376768514259034,0.05882022669483905,25.51476275239523,0,0,normal
196.47751597303068,0.048097288988612374,23.405892164004968,0,0,normal
112.09960507105053,0.06423255259052274,23.906959209281442,0,0,normal
98.65594650262899,0.006485359448296835,6.73527871688917,0,0,normal
69.39478123699162,0.057998378742813134,30.473177066214483,0,1,routing_issue
37.25716640671151,0.05614845879595237,31.695899924277736,0,0,normal
161.15852919809572,0.0560660094416171,17.70609255931972,1,1,dns_failure
123.6658983594202,0.06034876665964548,19.565230501861375,0,0,normal
55.501955012947306,0.06764679372263623,4.688924974442774,0,1,routing_issue
55.246061396819194,0.08049889996807698,25.14254756017835,0,1,routing_issue
103.2107650354936,0.026982072012821434,25.720574417141442,0,1,routing_issue
203.45107626446963,0.0825049410180062,19.37808983000689,1,0,dns_failure
107.02043243181976,0.04982556822634537,31.243533598705028,1,0,dns_failure
44.84285234409469,0.007705827913433117,16.659227690200595,0,0,normal
107.7128467957028,0.00585509292439792,25.646059258936003,1,0,dns_failure
106.3638215126165,0.03342383186960608,9.803356613078844,1,1,dns_failure
-14.844332147078582,0.07848969771114676,19.76447849125762,1,0,dns_failure
117.28525667410939,0.07076809347409158,18.256457420971643,1,1,dns_failure
108.4532734895661,0.07886149646724065,22.253079220409415,1,1,dns_failure
154.8103182406709,0.051726905644160937,16.304730711666416,1,0,dns_failure
212.44780474726727,0.04401989979554906,18.68527404328332,0,0,congestion
176.32825147738788,0.014745252670628395,28.26047171441506,0,0,normal
106.55556547225848,0.032819275360931155,15.632357627617825,0,1,routing_issue
64.6737045629165,0.04340193661738753,3.934228992613207,0,0,normal
248.66799016249303,0.008860042967961723,37.49583904205421,0,1,routing_issue
122.96092170072441,0.022061195271121128,33.814540786904864,1,0,dns_failure
120.69646459564731,0.059822529406373885,7.077373048943814,0,1,routing_issue
118.79374564449984,0.07356631142391899,26.897078052451945,0,0,packet_drop
129.90423803839278,0.09983475113929496,14.970252294486569,1,0,dns_failure
112.78197940380286,0.09331133313435577,22.634872153310596,1,1,dns_failure
91.31689965598818,0.06425651995351915,22.942241290134938,0,0,normal
92.6570529379804,0.042124805329407204,17.65592199683678,1,0,dns_failure
118.36233648920008,0.06361773647082328,12.162343344136035,1,0,dns_failure
92.82876144331175,0.0785651618080232,13.094589476837406,1,0,dns_failure
84.35771086614179,0.011833619092338732,10.838080845187575,1,0,dns_failure
125.32151138459484,0.04099048896962883,11.681777917695552,0,0,normal
107.25113912895723,0.08398022856356173,19.328217099506446,1,0,dns_failure
195.1996494291344,0.038383295193304405,12.842400108892482,0,1,routing_issue
-12.5484904196506,0.057187227122718655,26.8205206571262,0,1,routing_issue
174.57534259612308,0.058776936086219825,34.87246155335927,1,0,dns_failure
182.30425962488144,0.018447625313363938,14.19946758629957,1,0,dns_failure
16.330488379592527,0.03622354416522884,22.39404500535377,1,0,dns_failure
102.86562029598257,0.033451128874193214,24.99685110302934,0,1,routing_issue
101.42795670021043,0.0026196708532064796,24.720022709192744,1,1,dns_failure
49.62441526410894,0.0024191763891355245,20.759552679160873,1,0,dns_failure
81.10916562045624,0.08316970436757735,27.426824183597223,1,1,dns_failure
64.47120772670856,0.02730708099728124,24.82248952680657,1,0,dns_failure
207.61352217118113,0.051807876623881546,7.623375776727022,1,0,dns_failure
166.78391965737305,0.029872557358877307,28.691560643892732,0,0,normal
183.57775474970794,0.09406792451153406,28.87290837266742,1,0,dns_failure
156.08360320216175,0.025929675886577377,12.367138958214184,1,1,dns_failure
63.54741143913855,0.04296568127389351,20.37937835447602,1,1,dns_failure
93.77398668601131,0.08727302504846018,26.833289928110695,0,0,packet_drop
144.4687280613959,0.08419335667918088,17.906861804206386,1,1,dns_failure
58.89360955540273,0.01861014178462773,30.729780477660118,0,1,routing_issue
155.6499215086194,0.08026433097957104,43.638724946193605,0,0,packet_drop
107.98373009209325,0.04581868867378927,12.140139673650177,1,1,dns_failure
101.25895962252014,0.048296887208535526,6.189553968462251,1,0,dns_failure
155.54799841017459,0.013347997241594379,23.038185956048757,1,0,dns_failure
142.213165574302,0.008060151375712466,27.215625051261433,0,0,normal
101.951691709046,0.07279393069737652,17.69133626155231,0,0,packet_drop
177.9664901682124,0.049646115235529975,34.53260663321034,0,1,routing_issue
65.94683362000514,0.04368507026151796,6.613942002767512,0,0,normal
150.7967803472132,0.07295082286523967,26.929186230316112,0,1,routing_issue
149.65506289841917,0.07655128989911097,13.941391792411066,0,0,packet_drop
104.52267803430048,0.015890816766935358,37.19377906207297,1,0,dns_failure
136.3066511121059,0.06102251494776413,39.92515353168118,1,1,dns_failure
57.44432118073484,0.013535408227768553,12.333434122166521,0,0,normal
166.20135096034505,0.07513750860290458,14.504428640914199,1,1,dns_failure
110.75489317785055,0.06569551562671395,28.59587886979802,1,1,dns_failure
93.86384897404803,0.09566146210834581,16.128693502104852,0,0,packet_drop
172.45046129184448,0.006895801635642119,19.545887820677617,0,0,normal
84.78281547286204,0.005705472115125432,20.2538842054241,1,0,dns_failure
49.576935181822016,0.028218707469320016,0.8032684380234367,0,0,normal
42.16854132380482,0.026170568373590598,19.861622539057628,0,0,normal
150.30049756728198,0.024697879907199984,13.10272225935826,1,0,dns_failure
55.97853237518584,0.09062545805210367,15.06877177600228,0,1,routing_issue
207.73970909921823,0.02495461998495061,34.436320034688144,1,1,dns_failure
15.903529605813898,0.027194972612863102,7.434931057207437,1,0,dns_failure
204.8228184145019,0.07593982624179638,28.132051867479774,1,1,dns_failure
130.5508733601309,0.044973984245054,17.210370696681913,1,1,dns_failure
115.16434440648038,0.07767105569551813,17.202398315041656,1,0,dns_failure
92.75404565955253,0.006536615756438525,27.903718960517114,0,0,normal
139.95680571760354,0.04875711936733843,23.400512945688906,0,1,routing_issue
118.11826487875759,0.0033613600183282633,25.70612997219531,0,0,normal
175.16509410082608,0.006265320345535452,29.681846605328612,0,1,routing_issue
125.71138243310199,0.0906437453344411,16.68691616816677,1,0,dns_failure
127.51508807309388,0.013924537111759517,13.877632654922497,1,1,dns_failure
101.8193893893072,0.05324206822752171,9.14849473442202,0,1,routing_issue
117.15271881394662,0.041109560260070656,11.74589470021045,1,1,dns_failure
135.39008844460295,0.03473433262588427,49.49094425308725,0,1,routing_issue
34.49158036716873,0.08998333456872726,32.44679580736787,0,0,packet_drop
52.590728894714346,0.0021823396775489503,6.4892563379197865,0,0,normal
157.16320470113575,0.06637896861755892,6.775420432564299,1,1,dns_failure
128.54327190639708,0.09633944342135504,24.818660617184914,1,1,dns_failure
110.80083318236605,0.056016818346184195,25.47264797377967,1,0,dns_failure
120.92169665326966,0.09368224620330919,25.488838353173644,1,0,dns_failure
137.37908526808354,0.005225787928602377,17.450442064463022,0,1,routing_issue
93.01201598453193,0.04187933190741614,18.745457399971,1,1,dns_failure
81.08476372988437,0.026015779096205116,23.278795241593574,1,1,dns_failure
129.79226275488406,0.07308209649807298,20.858930062933304,1,1,dns_failure
71.0813611192484,0.09812970904972468,-2.193003727475351,0,1,routing_issue
140.4126377857236,0.02565300624442478,17.702003694248063,0,0,normal
34.87081978810798,0.06541746014740744,11.485935657396864,1,1,dns_failure
171.45778186628218,0.019809763275974016,21.75211418908512,1,0,dns_failure
143.62987412065215,0.05653302545716099,49.8525900260341,1,0,dns_failure
132.80148671569378,0.046393248668833625,23.674816654743044,1,0,dns_failure
169.1345491972757,0.09720053296315372,16.86470313827602,0,1,routing_issue
203.27372222312883,0.06085272726964666,29.218015019772523,1,0,dns_failure
170.7185032509065,0.03495063720868188,24.826878872092127,1,0,dns_failure
27.956288433417736,0.011409578488793337,24.200944904518412,1,0,dns_failure
56.02115166321492,0.015124682873493457,26.06850593215671,0,0,normal
88.75907111521606,0.02253169299512351,40.56543564829542,0,1,routing_issue
121.30455251054168,0.0250966661340298,8.69111564674084,1,1,dns_failure
145.88295102345614,0.08506160578411379,24.736320768114545,1,0,dns_failure
83.71280934232672,0.05612227882825249,10.736188700184616,1,0,dns_failure
129.33833822385392,0.05233909113743665,25.555126463422482,1,1,dns_failure
82.23085338233388,0.011476887186921747,10.813134885139057,1,1,dns_failure
89.42410985040259,0.0860139693349435,15.826331863949155,0,1,routing_issue
49.666945157588884,0.07228143032084837,17.049100857620935,0,0,packet_drop
73.83833769445478,0.006766836190000159,29.75816719344709,0,1,routing_issue
52.41576971918332,0.07078350972297687,29.184544439424137,1,0,dns_failure
71.20633735113336,0.05435382173426461,7.542826235536156,0,0,normal
172.682089830392,0.008172534574677827,20.549341109998487,0,1,routing_issue
72.53005555840285,0.04583006415286565,12.904201452508273,0,0,normal
251.61910324186954,0.0484696287130047,7.414950893246655,1,1,dns_failure
144.66589504404448,0.016577454016327577,17.829829495756297,1,0,dns_failure
129.2418061847437,0.09456981470002823,16.915172115441802,0,1,routing_issue
77.08211099093933,0.0849975371480662,44.26716486345522,1,0,dns_failure
155.01549397044957,0.06690223373291083,24.32959825360696,0,0,normal
91.2181086881113,0.04622955610006072,6.223824992457628,0,1,routing_issue
126.10049073226807,0.041176554158450854,14.352259958290578,0,1,routing_issue
248.00422691343974,0.06509734671509541,30.213832954293984,0,1,routing_issue
115.19700501376751,0.05454318694069055,40.88442772869925,1,1,dns_failure
177.46366631428378,0.006227310588188562,4.140166877620417,1,0,dns_failure
84.84117874370563,0.05125026487703317,1.2007561486095497,1,1,dns_failure
118.25057547515192,0.08064036172328395,38.70965175371782,1,1,dns_failure
208.5400317817755,0.045923987759695806,23.89614177370904,0,0,congestion
88.65164711061163,0.005195657755426842,11.317072681236336,1,1,dns_failure
210.62242789984643,0.07862781993840331,25.346290861224354,0,1,routing_issue
155.38759677277378,0.02013637821359744,-6.3574773901687776,1,0,dns_failure
91.87666120528662,0.02586208348880388,20.03375506597161,1,1,dns_failure
151.62038695277604,0.01647063534322959,23.27821172843085,1,1,dns_failure
168.6277224813365,0.03302150648714976,29.242701395378297,0,1,routing_issue
151.0904981108598,0.07567515056886351,9.861040477074623,0,1,routing_issue
41.48876400547718,0.05193858595039374,20.85687161403359,0,1,routing_issue
83.64314120875657,0.020488127415071257,10.745753739404126,0,1,routing_issue
107.62406822242477,0.0877830078152041,22.553837556743172,1,0,dns_failure
116.27832854499769,0.08795818549515293,11.04653677636976,0,1,routing_issue
151.0336048775339,0.08705784250460069,15.918991608397794,0,0,packet_drop
128.88505004666268,0.02387962113815393,10.041846052097709,1,0,dns_failure
53.232782064494934,0.04512393441809881,26.51136241823657,1,0,dns_failure
139.00989255029816,0.09849896561408751,28.584511166566653,0,0,packet_drop
150.52928726419117,0.07720124763099905,17.65379430042586,1,1,dns_failure
147.989522396552,0.002716742122555982,20.382379949600285,0,1,routing_issue
174.0390362777311,0.006520459126049205,5.514085853664559,1,1,dns_failure
161.6961077274452,0.04639313768123328,17.00323351993213,0,0,normal
142.95900396142184,0.09092202058615602,19.497953829582553,0,1,routing_issue
116.49171442706765,0.05387017979527142,46.20793091029975,0,1,routing_issue
36.95195332420045,0.049781250803429024,8.880329742258365,0,1,routing_issue
141.4809109566293,0.01054736999566306,34.64177238752438,0,0,normal
130.38438435815556,0.06567801047242941,29.96858773465808,1,0,dns_failure
133.57894185976866,0.08221031606002255,22.806364044901365,0,1,routing_issue
56.16257120898452,0.038042000750756234,37.586204841951336,0,0,normal
65.94717297958688,0.07756118509253275,23.72105472606863,0,0,packet_drop
172.6576426666452,0.09644766539008116,23.89159195667929,0,1,routing_issue
118.02224230716725,0.02037664591276891,19.468793469824547,0,0,normal
154.07503486863123,0.052332963119474135,32.235688824186276,1,0,dns_failure
121.41591880652297,0.028713795808457555,30.964692338108836,1,1,dns_failure
121.48780697478716,0.07928544190338394,13.743227125037876,0,0,packet_drop
166.9141902987999,0.05775933658811575,6.807528054012327,1,0,dns_failure
94.1977635891313,0.06345824175503038,17.97019362604343,0,0,normal
124.80603884704917,0.07979141596158941,11.999614356023535,1,0,dns_failure
96.88623556474786,0.039597047266245494,19.36475425384645,1,0,dns_failure
98.27518862838421,0.09150900684070433,32.37438134684139,0,0,packet_drop
104.54139382656803,0.053302886724614,15.4269834491321,1,0,dns_failure
131.10668858168563,0.015795482283534803,19.57176618688425,1,0,dns_failure
96.06256891682615,0.06958991181688025,20.58022734808395,0,1,routing_issue
182.78780627867604,0.07932613504382545,28.484308822052846,0,1,routing_issue
75.2696348890248,0.03167616770675267,-2.468893339846052,1,1,dns_failure
110.65641779193204,0.0857179256998753,13.932997052347035,1,1,dns_failure
98.01344708629125,0.09061432547657665,22.112836922794727,1,0,dns_failure
192.34889421768665,0.027690448737780895,32.000789564268615,0,1,routing_issue
129.82773882557873,0.09835214727152221,15.080975524937948,1,1,dns_failure
171.59222697343174,0.014071152804875843,1.2344729395812593,1,0,dns_failure
45.7219813481514,0.020201566840249,26.197114459661364,1,0,dns_failure
133.35251329346295,0.018422483923802614,13.646376111743706,0,0,normal
164.48153978117185,0.08939897100078704,8.103333409096386,0,0,packet_drop
124.11419946377121,0.0654292552324962,13.756546102867759,0,0,normal
173.27401875326757,0.015210428322227288,18.154746423441505,0,1,routing_issue
94.13557749498139,0.0440323418368349,13.952553354617873,1,0,dns_failure
190.467372009279,0.0615298025069802,-2.0556605709906917,0,1,routing_issue
234.9449061809625,0.00834640849893833,28.970661968871323,1,1,dns_failure
101.85807197801705,0.08824163684073388,32.748750412787224,1,0,dns_failure
97.7248739299614,0.08036035354415352,26.515219913395057,1,1,dns_failure
192.66922385588504,0.05052067735766383,8.623143295751834,1,1,dns_failure
198.9786072865356,0.09671266152591705,17.98508466052482,0,0,packet_drop
93.85699864233659,0.04177609792750997,19.934786847705418,0,1,routing_issue
98.99065914520712,0.09841103190364979,25.987943895619104,0,1,routing_issue
105.91076955697463,0.0667919998803627,26.683404887180806,0,1,routing_issue
52.77747444828615,0.06346712732539415,12.658262012215042,0,0,normal
74.06740267579009,0.0165954895295785,20.819955564135604,1,0,dns_failure
69.7929616623966,0.0881927758304644,24.57280404615241,0,0,packet_drop
81.61012174479357,0.04274896879206152,34.558223221467664,0,1,routing_issue
118.26575563066095,0.016223340578247935,27.04506539824723,0,0,normal
131.71073662682602,0.001260751997575904,27.890566873755187,0,1,routing_issue
197.52502464070383,0.05597556836383826,20.83826627929361,1,0,dns_failure
70.08229796306046,0.052739962212267635,34.10459145203504,1,1,dns_failure
169.21611992382918,0.07193536223691586,24.097627959594973,1,0,dns_failure
109.30055778872455,0.08902580530178023,11.389120898264295,1,0,dns_failure
117.52681451737836,0.007940658464302952,34.033699701251905,1,1,dns_failure
153.74097460833016,0.07314964903403624,26.979032725390276,0,0,packet_drop
63.86389892188507,0.018741194409758223,15.569559788715177,1,1,dns_failure
139.12048730920253,0.0858177053157164,15.205070326007567,1,0,dns_failure
128.3226104106528,0.08190635138616562,22.965755451407617,1,0,dns_failure
144.62256320040743,0.05407937549855444,24.631847952675844,0,1,routing_issue
134.4584321953909,0.07102427986233116,21.97292265631207,0,1,routing_issue
242.76500699554472,0.03143501131837484,23.11308673442885,1,1,dns_failure
88.1130007874342,0.04711678989328147,36.999573745763804,0,0,normal
93.45015224990912,0.08216368977104717,30.715431522348858,0,1,routing_issue
88.84297367876178,0.045926519717321396,21.906355912650245,1,0,dns_failure
92.22614404198727,0.03577982653254418,29.413105807674835,0,1,routing_issue
88.13064363467412,0.04942124472502999,9.674760964724605,0,1,routing_issue
179.4508265553776,0.08282492524372184,23.97927049946809,0,1,routing_issue
191.02521239949274,0.033520804737087274,38.0930634973311,1,1,dns_failure
91.46268531252619,0.01737615931357438,17.81954104607626,1,1,dns_failure
78.38222134478856,0.07120140203307808,11.523660713809152,1,1,dns_failure
143.5707778193202,0.08259782127080818,13.479111114069394,0,0,packet_drop
92.38884778595143,0.010063747852353333,9.103669626576117,1,1,dns_failure
151.64659088777555,0.023987411275594474,12.152380918722965,0,0,normal
130.14615104256498,0.01419719897609939,16.29491901409971,0,1,routing_issue
44.2127942501384,0.03479414115821666,5.944329808213579,0,1,routing_issue
197.37526006650307,0.04503509789054127,20.15618333949603,1,1,dns_failure
209.7938836547761,0.07488263369633065,29.02277173786647,1,0,dns_failure
89.3605654757807,0.06511475848816742,10.922438198530797,1,0,dns_failure
100.6149220032008,0.06209285674784312,35.19283923641769,1,1,dns_failure
134.29326953624525,0.03523749466096544,25.10792088527595,0,0,normal
136.72283949935127,0.084144755308476,30.305805856240575,1,1,dns_failure
152.92721363364151,0.04712871673981646,13.42165446147863,0,1,routing_issue
220.5102269383175,0.09791049380151545,28.545252270666158,1,0,dns_failure
111.15263862529753,0.06341421382957368,9.08066099604687,1,0,dns_failure
80.0851377730773,0.012626474156450275,28.902475008365087,1,0,dns_failure
51.034038599273636,0.0676177562075434,21.718393397935312,0,0,normal
83.45349800290404,0.0325104015431699,25.53251219984784,0,1,routing_issue
118.34365135631015,0.06863271966860975,8.244053943751483,0,0,normal
209.7278931758894,0.006964114816240575,11.049301577233953,0,0,congestion
94.11943504819143,0.01748814371759594,25.97228218253385,0,1,routing_issue
131.18939758194492,0.08557372589057864,10.516519957757993,1,0,dns_failure
119.17885519636239,0.02271795570235149,24.63206292099123,0,0,normal
179.4196636724042,0.08370411252429401,6.328621935397543,0,0,packet_drop
246.3466212936811,0.027927608845441043,28.48174212666668,0,0,congestion
93.45656135398397,0.06428819100587077,7.674766852314909,0,1,routing_issue
95.52802787408889,0.0694150573509831,25.522999376795234,1,1,dns_failure
172.2080438534536,0.051265475314505295,26.25630933646001,0,0,normal
154.09457448131556,0.03053106766967313,13.03228181570425,1,0,dns_failure
212.33536628680167,0.021264437637109612,25.82026567084727,1,1,dns_failure
149.1964092662982,0.003318935456242622,22.60442263333556,1,0,dns_failure
102.03539546064702,0.03039464012407238,14.611581438072617,0,0,normal
149.53274153461547,0.0653162790531283,9.914453159237919,1,0,dns_failure
175.4351790291454,0.09383048184484827,0.37374308327420946,0,0,packet_drop
161.0241090598682,0.08712044822630521,23.496500472996935,0,0,packet_drop
145.36370155536488,0.07660647765353026,4.351972286379448,0,0,packet_drop
173.3337344794577,0.07884473432532987,20.953441994413083,0,0,packet_drop
178.46477952228364,0.06649849034759953,17.36551783917751,0,0,normal
189.10794955187635,0.026028685756600303,26.791427754381953,1,0,dns_failure
152.43549437948212,0.09071950307058299,16.979545005101357,1,1,dns_failure
111.64409598415729,0.06707323119058341,16.705522136529087,0,1,routing_issue
127.33568432166614,0.056044063098043995,27.318707042882952,1,1,dns_failure
180.32544832541785,0.011098946921348107,23.350580290841176,0,0,normal
79.1532164506382,0.04470555438064255,23.161559571827784,1,0,dns_failure
138.43366544364505,0.046035827120192635,24.692675898085263,1,1,dns_failure
100.33305938363196,0.086456360952267,4.644278767928942,1,0,dns_failure
121.43724114674087,0.05466482201877885,27.567886799869818,1,1,dns_failure
183.92259313036493,0.038040054897040966,26.124687940136024,1,0,dns_failure
129.55495340099517,0.09768003285106594,9.833168714235027,0,1,routing_issue
122.32182740780745,0.011072059332631569,17.559195263257987,0,1,routing_issue
52.007192951004036,0.04225484283119446,19.60692712372369,1,1,dns_failure
157.31267830136105,0.004202467517140529,18.655032155982674,0,0,normal
152.27420905705378,0.07399041207669303,23.338599665685347,1,1,dns_failure
228.162736165273,0.09180765521991507,34.313667818311835,0,0,packet_drop
104.61108825234997,0.028003732955048946,30.817667276728287,1,0,dns_failure
130.95751638319695,0.08583416767991209,6.8778080656859375,1,0,dns_failure
132.46918418553776,0.02922182304618978,26.22069990306049,1,0,dns_failure
198.8726639881737,0.09107701616439152,33.2893331953541,0,0,packet_drop
115.2352233806524,0.0753961903596784,23.868085206892026,0,0,packet_drop
133.95107628851696,0.08049067768414386,30.90980425185967,1,0,dns_failure
150.39482548582697,0.00180065556004545,40.12270445700765,1,1,dns_failure
129.3304561578179,0.0962810357074026,30.237095461069813,0,1,routing_issue
97.67831927247359,0.07266709920703233,22.49308595641729,0,1,routing_issue
129.7044996449154,0.030475109538613335,30.450884740847535,0,0,normal
173.6815874929886,0.0829394664858847,21.448878330968913,0,0,packet_drop
68.67423502944699,0.028152119841492997,20.239030432849553,0,0,normal
126.6484837073438,0.0872753839566128,16.485857642862673,1,0,dns_failure
84.99395925304134,0.011258039041193702,35.634133588321085,0,1,routing_issue
179.75233144624212,0.07036859774607958,11.815713340579986,1,0,dns_failure
43.84065476081126,0.054069847664491036,35.32367724678116,1,1,dns_failure
92.05390763642059,0.009653447019544082,24.998641237403714,0,0,normal
138.86059375322606,0.0241893828258839,6.006938251980587,0,1,routing_issue
198.27620146171702,0.001240403627731479,23.676492929914215,1,0,dns_failure
116.71248694635061,0.046876796546450585,-1.0002650765162402,0,1,routing_issue
92.24002366534009,0.03012652607600004,26.255080168310357,1,0,dns_failure
214.0578534720295,0.05983574842977588,28.85231482988991,0,1,routing_issue
47.5993049791878,0.02972378077086172,14.076440443479465,0,0,normal
10.059702168995903,0.02999191115069847,21.23547695955582,0,1,routing_issue
142.00072250266663,0.07431931987316034,39.541574337502865,1,1,dns_failure
94.89728878236944,0.004814283597835345,14.942532957380633,0,0,normal
68.93835914346434,0.09028949951919873,9.410924129433996,1,1,dns_failure
155.41782236496766,0.08522638743911815,34.81663402462599,0,0,packet_drop
132.19003568855993,0.06678046832264066,39.625871905307946,1,0,dns_failure
91.79606846316358,0.05932215701073843,20.036956718478475,0,0,normal
55.98478006645528,0.08923024981396523,30.114630354083562,1,1,dns_failure
163.62286641400723,0.018533017952871444,33.41475915530881,1,1,dns_failure
152.51005889793305,0.007896916219082862,12.57515767461616,1,0,dns_failure
115.04120681103086,0.02395101699095381,15.146941646321316,1,0,dns_failure
212.3318498023833,0.07945782787001904,32.30874513154735,1,1,dns_failure
66.49576168369236,0.0034670266726483327,36.85014278708509,1,1,dns_failure
43.72374145376306,0.05828068350834897,25.628808601743547,0,1,routing_issue
85.40459650593777,0.099543751619131,11.201856464979457,1,0,dns_failure
117.7206991822251,0.08556960938375395,39.87061111699441,1,0,dns_failure
132.16697246613458,0.05214456890435895,14.690291021880356,1,0,dns_failure
107.93819710718351,0.006364090928664235,16.648622188285483,0,0,normal
137.60276982571483,0.08313735143857098,23.423378344896214,0,0,packet_drop
57.42302879047779,0.05989785081772106,35.54160420714774,0,1,routing_issue
192.18823020366298,0.011493299705956684,28.539759765522238,1,0,dns_failure
115.89244108037155,0.00938572848233562,24.148655003619105,0,1,routing_issue
175.8647915794064,0.09096268194365925,24.632885301181062,0,1,routing_issue
137.13626731888522,0.06692002629380785,20.43514668643466,1,0,dns_failure
142.8376609576892,0.08292867993167556,25.581395145185063,1,1,dns_failure
148.48836401161017,0.08789789002822673,-5.29560077694303,0,0,packet_drop
142.38542800086574,0.05717723520483223,17.033925409302018,1,1,dns_failure
152.1361379933772,0.05174463517550413,22.41321934916781,1,0,dns_failure
186.45762650662158,0.04304274103209902,8.48985916380493,1,0,dns_failure
129.8260584850735,0.03169465877911193,23.8632331781156,1,1,dns_failure
155.4501878794256,0.04345959608587118,17.955287790138783,0,0,normal
115.51321528563867,0.07738796557301564,37.5547569831549,1,1,dns_failure
192.00586077247365,0.06019234310151316,35.73019725214857,0,0,normal
86.18038489703652,0.08925232899548462,15.341944308818372,0,0,packet_drop
210.04702164554078,0.04433800143791877,18.491622884333047,0,0,congestion
117.99210246778283,0.060708957871875406,19.260524343916074,0,1,routing_issue
48.46124489409759,0.06313075530919887,15.483405238403773,1,1,dns_failure
126.40522074553947,0.05916971623063255,21.950249840281266,1,0,dns_failure
85.94741712625596,0.07026337730855163,12.417179311124098,1,1,dns_failure
162.0321774494362,0.02374334683748063,8.693846650624737,0,0,normal
87.36880103488045,0.051236377754579066,26.227112239002686,0,1,routing_issue
97.69082833926102,0.010422480280834768,26.29529584221811,0,1,routing_issue
25.522963452723452,0.038451132764481255,11.956842403400076,1,0,dns_failure
97.38468403754617,0.04876670686212645,28.953554307625996,0,0,normal
-1.1939663314478333,0.06522242595454725,13.684222708346686,1,0,dns_failure
40.804858825713836,0.09505310525862036,22.53165238037981,1,0,dns_failure
158.02073280721487,0.06006510665483559,28.203440126124562,1,0,dns_failure
159.2900079325416,0.07435939161765598,19.66387435296287,1,1,dns_failure
141.27287808924822,0.05062660594952028,24.547409121411345,0,1,routing_issue
71.65119284353935,0.06341040313763313,14.835703561124284,1,0,dns_failure
117.614432192901,0.007093221613377343,18.03533416571903,0,0,normal
119.81987304547158,0.0254391580841847,17.941405691196596,1,0,dns_failure
62.081765540372885,0.03618530932051387,12.534216534597611,0,1,routing_issue
195.16991508835753,0.04724933550065136,18.232258368842178,0,0,normal
163.86811452878356,0.004564874550238374,4.5138170113625335,1,0,dns_failure
108.9517913085168,0.01400240975533177,15.088462528578953,1,1,dns_failure
121.34429194972654,0.02768143077913058,17.151245066303293,1,1,dns_failure
130.41914039737762,0.09715326909010508,17.438202475046197,0,1,routing_issue
17.913256578785468,0.033134700710305075,17.58502554129221,1,1,dns_failure
107.64113087397016,0.04820410581120826,19.38235800139871,1,0,dns_failure
85.90078760011008,0.019609771273839297,24.79441518086064,0,1,routing_issue
69.91899950525422,0.061078007107576826,28.745170741325225,1,1,dns_failure
105.94498535570226,0.02806832155159743,13.502347731517329,0,0,normal
209.88432634247613,0.02069925784384268,7.967991446108556,1,0,dns_failure
152.0421430633505,0.05165726284459791,9.579555877568971,0,0,normal
91.44105051086017,0.0005505799160420822,15.127970788050728,0,1,routing_issue
148.62913906780793,0.0007664032649225328,16.480786821834908,1,0,dns_failure
